date,요일,예산_만원,목표_만원,자사몰지수,공휴일,실적_자사몰,실적_스마트스토어
2026-10-01,목,264,3000,1.787,,,
2026-10-02,금,236,1500,0.991,,,
2026-10-03,토,157,1000,0.699,개천절,,
2026-10-04,일,157,1200,0.355,연휴,,
2026-10-05,월,237,1500,0.619,대체공휴일,,
2026-10-06,화,248,1800,0.825,,,
2026-10-07,수,264,3000,1.403,,,
2026-10-08,목,264,3000,1.787,,,
2026-10-09,금,236,1500,0.991,한글날,,
2026-10-10,토,157,1000,0.699,연휴,,
2026-10-11,일,157,1200,0.355,연휴,,
2026-10-12,월,237,1500,0.619,,,
2026-10-13,화,248,1800,0.825,,,
2026-10-14,수,264,3000,1.403,,,
2026-10-15,목,264,3000,1.787,,,
2026-10-16,금,236,1500,0.991,,,
2026-10-17,토,157,1000,0.699,,,
2026-10-18,일,157,1200,0.355,,,
2026-10-19,월,237,1500,0.619,,,
2026-10-20,화,248,1800,0.825,,,
2026-10-21,수,264,3000,1.403,,,
2026-10-22,목,264,3000,1.787,,,
2026-10-23,금,236,1500,0.991,,,
2026-10-24,토,157,1000,0.699,,,
2026-10-25,일,157,1200,0.355,,,
2026-10-26,월,237,1500,0.619,,,
2026-10-27,화,248,1800,0.825,,,
2026-10-28,수,264,3000,1.403,,,
2026-10-29,목,264,3000,1.787,,,
2026-10-30,금,236,1500,0.991,,,
2026-10-31,토,157,1000,0.699,,,